{"_id":{"$oid":"5de7b06393e2233d77001dc6"},"name":"Master","emp_id":"EMP_01","profile":"EMP_01.jpg","created_at":{"$date":"2019-12-04T18:40:59Z"},"updated_at":{"$date":"2019-12-04T18:40:59Z"},"password":"$2a$12$XiaAxejA9UyOQ2o2s9XwqOS8uHbY2N540E3wEJNUzoQS3EYPaykSu","slot":"Slot D","reader":"Reader A","permissions":["/assign-tag","/save-tag","/save-kit","/putaway","/view-engines","/load-empty-location","/save-putaway","/search-engines","/engines-search","/assign-engine","/analytics","/putaway-partially","/qr-form","/generate-qr","/relocation","/get-engine-info","/relocation-engine-info","/save-relocation","/tags","/qc-engines","/set-qc-status","/dispatch-engines","/dispatch","/search-engine-dispatch","/save-dispach"],"type":"Master","username":"Master"}
{"_id":{"$oid":"627cae080ef0423bdb86a0ee"},"name":"Mover","emp_id":"EMP_02","profile":"EMP_01.jpg","created_at":{"$date":"2019-12-04T18:40:59Z"},"updated_at":{"$date":"2019-12-04T18:40:59Z"},"password":"$2a$12$XiaAxejA9UyOQ2o2s9XwqOS8uHbY2N540E3wEJNUzoQS3EYPaykSu","slot":"Slot D","reader":"Reader A","permissions":["/pickup-form","/pickup","/get-engine-info","/save-putaway","/putaway-partially","/relocation","/get-engine-info","/relocation-engine-info","/save-relocation","/view-engines"],"type":"Mover","username":"Mover"}
{"_id":{"$oid":"628dfc3b2a42dfbe17945915"},"name":"QC","emp_id":"EMP_02","profile":"EMP_01.jpg","created_at":{"$date":"2019-12-04T18:40:59Z"},"updated_at":{"$date":"2019-12-04T18:40:59Z"},"password":"$2a$12$XiaAxejA9UyOQ2o2s9XwqOS8uHbY2N540E3wEJNUzoQS3EYPaykSu","slot":"Slot D","reader":"Reader A","permissions":["/qc-engines","/set-qc-status","/view-engines"],"type":"QC","username":"QC"}
{"_id":{"$oid":"629985b62a42dfbe17945916"},"name":"Dispacth","emp_id":"EMP_02","profile":"EMP_01.jpg","created_at":{"$date":"2019-12-04T18:40:59Z"},"updated_at":{"$date":"2019-12-04T18:40:59Z"},"password":"$2a$12$XiaAxejA9UyOQ2o2s9XwqOS8uHbY2N540E3wEJNUzoQS3EYPaykSu","slot":"Slot D","reader":"Reader A","permissions":["/dispatch-engines","/dispatch","/search-engine-dispatch","/save-dispach","/view-engines"],"type":"Dispatch","username":"Dispatch"}
{"_id":{"$oid":"62dd8b522a42dfbe17945918"},"name":"Create Picklist","emp_id":"EMP_02","profile":"EMP_01.jpg","created_at":"2019-12-04T18:40:59.000Z","updated_at":"2019-12-04T18:40:59.000Z","password":"$2a$12$XiaAxejA9UyOQ2o2s9XwqOS8uHbY2N540E3wEJNUzoQS3EYPaykSu","slot":"Slot D","reader":"Reader A","permissions":["/search-engines","/engines-search","/assign-engine","/view-picklist","/create-picklist","/view-engines"],"type":"Create Picklist","username":"Create Picklist"}
{"_id":{"$oid":"630b8cd32a42dfbe1794591a"},"name":"Assigner","emp_id":"EMP_01","profile":"EMP_01.jpg","created_at":{"$date":"2019-12-04T18:40:59Z"},"updated_at":{"$date":"2019-12-04T18:40:59Z"},"password":"$2a$12$XiaAxejA9UyOQ2o2s9XwqOS8uHbY2N540E3wEJNUzoQS3EYPaykSu","slot":"Slot D","reader":"Reader A","permissions":["/assign-tag","/save-tag","/save-kit","/putaway","/view-engines","/save-putaway","/assign-engine","/putaway-partially"],"type":"Assigner","username":"Assigner"}
