last_updated,username,user_id,taken_at,comment_count,like_count,url,view_count,play_count,code,link
1673086492052,officialkanikamann,1423814056,1670307277,391,52340,https://scontent-waw1-1.cdninstagram.com/v/t66.30100-16/318169325_150897411058292_4445881212886017082_n.mp4?_nc_ht=scontent-waw1-1.cdninstagram.com&_nc_cat=108&_nc_ohc=gHosBR4ILpIAX-A25uQ&edm=AP_V10EBAAAA&ccb=7-5&oh=00_AfC86hWEwu37weVd6PseRaBlxfG8INov1ZJIlzEj50GKEA&oe=63BB0A4C&_nc_sid=4f375e,241072,488770,Cl0OQDAAsu9,https://www.instagram.com/reel/Cl0OQDAAsu9/
1673086498170,officialkanikamann,1423814056,1670307277,391,52340,https://scontent-waw1-1.cdninstagram.com/v/t66.30100-16/318169325_150897411058292_4445881212886017082_n.mp4?_nc_ht=scontent-waw1-1.cdninstagram.com&_nc_cat=108&_nc_ohc=gHosBR4ILpIAX-A25uQ&edm=AP_V10EBAAAA&ccb=7-5&oh=00_AfC86hWEwu37weVd6PseRaBlxfG8INov1ZJIlzEj50GKEA&oe=63BB0A4C&_nc_sid=4f375e,241072,488770,Cl0OQDAAsu9,https://www.instagram.com/reel/Cl0OQDAAsu9/
1673086505363,nikitasharma_official,570473123,1670040157,557,28041,https://instagram.fkiv7-1.fna.fbcdn.net/v/t66.30100-16/10000000_673182554472672_8578201040309638732_n.mp4?_nc_ht=instagram.fkiv7-1.fna.fbcdn.net&_nc_cat=100&_nc_ohc=YRsZOJ8CTyQAX8pBR9-&tn=209d3WzdqOgoYiJU&edm=AP_V10EBAAAA&ccb=7-5&oh=00_AfBE8-djNo0D4Ct36Po6Fc_9ptBHRfoKJk-n1OVHKPfEiA&oe=63BB1536&_nc_sid=4f375e,260498,614393,ClsQ2rzJ2o6,https://www.instagram.com/reel/ClsQ2rzJ2o6/
1673086512531,jasminbhasin2806,748600120,1670297599,725,57639,https://scontent-frx5-1.cdninstagram.com/v/t66.30100-16/10000000_679136883864934_1159155352152063419_n.mp4?_nc_ht=scontent-frx5-1.cdninstagram.com&_nc_cat=110&_nc_ohc=Y95Ki5u5zDsAX8SZnHt&edm=AP_V10EBAAAA&ccb=7-5&oh=00_AfAh0JkaOU9BkWK29_605VRPK2DvK3AfZHWIyd_paco3vA&oe=63BB3B25&_nc_sid=4f375e,252522,587700,Clz75SLKCRn,https://www.instagram.com/reel/Clz75SLKCRn/
1673086519428,ishika_arora__,4049203960,1670073757,165,79917,https://instagram.fiev22-2.fna.fbcdn.net/v/t50.2886-16/318156454_104975122406008_2349918870694178982_n.mp4?_nc_ht=instagram.fiev22-2.fna.fbcdn.net&_nc_cat=104&_nc_ohc=TLRzQ1em9tEAX8VXFf9&edm=AP_V10EBAAAA&ccb=7-5&oh=00_AfCEzlcEc3Idau6AmE-zDqTzccZ4Q7YRNZ85VoQeVDtO6A&oe=63BB0802&_nc_sid=4f375e,744206,1265634,CltRDUqjEVK,https://www.instagram.com/reel/CltRDUqjEVK/