last_updated,username,user_id,taken_at,comment_count,like_count,url,view_count,play_count,code,link
1673075841987,officialkanikamann,1423814056,1670307277,391,52335,https://instagram.fkiv1-1.fna.fbcdn.net/v/t66.30100-16/318169325_150897411058292_4445881212886017082_n.mp4?_nc_ht=instagram.fkiv1-1.fna.fbcdn.net&_nc_cat=108&_nc_ohc=gHosBR4ILpIAX-SydMM&edm=AP_V10EBAAAA&ccb=7-5&oh=00_AfA8Lr7FnfyvB3cGp8NNgS9AKY8CTxJFY-P4KzZEE4LK4Q&oe=63BB0A4C&_nc_sid=4f375e,240931,488437,Cl0OQDAAsu9,https://www.instagram.com/reel/Cl0OQDAAsu9/
1673075848112,officialkanikamann,1423814056,1670307277,391,52335,https://instagram.fkiv1-1.fna.fbcdn.net/v/t66.30100-16/318169325_150897411058292_4445881212886017082_n.mp4?_nc_ht=instagram.fkiv1-1.fna.fbcdn.net&_nc_cat=108&_nc_ohc=gHosBR4ILpIAX-SydMM&edm=AP_V10EBAAAA&ccb=7-5&oh=00_AfA8Lr7FnfyvB3cGp8NNgS9AKY8CTxJFY-P4KzZEE4LK4Q&oe=63BB0A4C&_nc_sid=4f375e,240931,488437,Cl0OQDAAsu9,https://www.instagram.com/reel/Cl0OQDAAsu9/
1673075855627,nikitasharma_official,570473123,1670040157,557,28039,https://instagram.fkiv1-1.fna.fbcdn.net/v/t66.30100-16/10000000_673182554472672_8578201040309638732_n.mp4?_nc_ht=instagram.fkiv1-1.fna.fbcdn.net&_nc_cat=100&_nc_ohc=YRsZOJ8CTyQAX8qJ0xt&tn=a_KqReL6GYd6jgBz&edm=AP_V10EBAAAA&ccb=7-5&oh=00_AfAzH16Tk3jxXDL7apSKBJLTTDnWrcCYhHto3sHgHQpzIA&oe=63BB1536&_nc_sid=4f375e,260390,614160,ClsQ2rzJ2o6,https://www.instagram.com/reel/ClsQ2rzJ2o6/
1673075863230,jasminbhasin2806,748600120,1670297599,725,57617,https://scontent-frx5-1.cdninstagram.com/v/t66.30100-16/10000000_679136883864934_1159155352152063419_n.mp4?_nc_ht=scontent-frx5-1.cdninstagram.com&_nc_cat=110&_nc_ohc=Y95Ki5u5zDsAX_UFt_R&edm=AP_V10EBAAAA&ccb=7-5&oh=00_AfDp7V1RnRYiVUO4kkVAQINafmMtijN42SgAth5Lh-htdA&oe=63BA9265&_nc_sid=4f375e,252150,586691,Clz75SLKCRn,https://www.instagram.com/reel/Clz75SLKCRn/
1673075870015,ishika_arora__,4049203960,1670073757,165,79908,https://instagram.fdnk3-1.fna.fbcdn.net/v/t50.2886-16/318156454_104975122406008_2349918870694178982_n.mp4?_nc_ht=instagram.fdnk3-1.fna.fbcdn.net&_nc_cat=104&_nc_ohc=TLRzQ1em9tEAX_NLKbZ&edm=AP_V10EBAAAA&ccb=7-5&oh=00_AfBg0oKlkN4p4zzZgIYDVMaMN7NRHQyU5uDBlCnE8tDJnQ&oe=63BB0802&_nc_sid=4f375e,743935,1265194,CltRDUqjEVK,https://www.instagram.com/reel/CltRDUqjEVK/