last_updated,username,user_id,taken_at,comment_count,like_count,url,view_count,play_count,code,link
1673034831351,officialkanikamann,1423814056,1670307277,391,52292,https://scontent-hel3-1.cdninstagram.com/v/t66.30100-16/318169325_150897411058292_4445881212886017082_n.mp4?_nc_ht=scontent-hel3-1.cdninstagram.com&_nc_cat=108&_nc_ohc=l339DK2DNNsAX-sxcjy&edm=AP_V10EBAAAA&ccb=7-5&oh=00_AfDuEleoS6n9ztQh_1haWA4-5Zw6I4zvtt5aG6_kni0MPg&oe=63B9B8CC&_nc_sid=4f375e,240216,486696,Cl0OQDAAsu9,https://www.instagram.com/reel/Cl0OQDAAsu9/
1673034837506,officialkanikamann,1423814056,1670307277,391,52292,https://scontent-hel3-1.cdninstagram.com/v/t66.30100-16/318169325_150897411058292_4445881212886017082_n.mp4?_nc_ht=scontent-hel3-1.cdninstagram.com&_nc_cat=108&_nc_ohc=l339DK2DNNsAX-sxcjy&edm=AP_V10EBAAAA&ccb=7-5&oh=00_AfDuEleoS6n9ztQh_1haWA4-5Zw6I4zvtt5aG6_kni0MPg&oe=63B9B8CC&_nc_sid=4f375e,240216,486696,Cl0OQDAAsu9,https://www.instagram.com/reel/Cl0OQDAAsu9/
1673034844688,nikitasharma_official,570473123,1670040157,557,28024,https://scontent-waw1-1.cdninstagram.com/v/t66.30100-16/10000000_673182554472672_8578201040309638732_n.mp4?_nc_ht=scontent-waw1-1.cdninstagram.com&_nc_cat=100&_nc_ohc=YRsZOJ8CTyQAX8pxqvJ&tn=4s9fOEsOTue_3oWJ&edm=AP_V10EBAAAA&ccb=7-5&oh=00_AfA_S2RP7JeQMl_PlVKIT_STZUdLvaxqwv_JIl_JDy8sXA&oe=63BA6C76&_nc_sid=4f375e,260041,613400,ClsQ2rzJ2o6,https://www.instagram.com/reel/ClsQ2rzJ2o6/
1673034852923,jasminbhasin2806,748600120,1670297599,725,57583,https://instagram.fdnk3-1.fna.fbcdn.net/v/t66.30100-16/10000000_679136883864934_1159155352152063419_n.mp4?_nc_ht=instagram.fdnk3-1.fna.fbcdn.net&_nc_cat=110&_nc_ohc=5f-u6NaWJvIAX81ZNgn&edm=AP_V10EBAAAA&ccb=7-5&oh=00_AfD2IZOqiNBZzA74k5NMWm0RXu32sSOUTb50-zRksFD4bg&oe=63B9E9A5&_nc_sid=4f375e,251496,584944,Clz75SLKCRn,https://www.instagram.com/reel/Clz75SLKCRn/
1673034873125,ishika_arora__,4049203960,1670073757,165,79879,https://scontent-waw1-1.cdninstagram.com/v/t50.2886-16/318156454_104975122406008_2349918870694178982_n.mp4?_nc_ht=scontent-waw1-1.cdninstagram.com&_nc_cat=104&_nc_ohc=TLRzQ1em9tEAX8ZpD3L&edm=AP_V10EBAAAA&ccb=7-5&oh=00_AfBHAwns3ZuKtmemszXpP-brMxqQtkxtMGFZbP3TkDZWvw&oe=63BA5F42&_nc_sid=4f375e,743423,1264415,CltRDUqjEVK,https://www.instagram.com/reel/CltRDUqjEVK/